-- phpMyAdmin SQL Dump
-- version 4.5.4.1deb2ubuntu2
-- http://www.phpmyadmin.net
--
-- Host: localhost
-- Generation Time: Jun 27, 2018 at 02:54 AM
-- Server version: 5.7.22-0ubuntu0.16.04.1
-- PHP Version: 7.0.30-0ubuntu0.16.04.1

SET SQL_MODE = "NO_AUTO_VALUE_ON_ZERO";
SET time_zone = "+00:00";


/*!40101 SET @OLD_CHARACTER_SET_CLIENT=@@CHARACTER_SET_CLIENT */;
/*!40101 SET @OLD_CHARACTER_SET_RESULTS=@@CHARACTER_SET_RESULTS */;
/*!40101 SET @OLD_COLLATION_CONNECTION=@@COLLATION_CONNECTION */;
/*!40101 SET NAMES utf8mb4 */;

--
-- Database: `hatoddb`
--

-- --------------------------------------------------------

--
-- Table structure for table `customers`
--

CREATE TABLE `customers` (
  `id` int(10) UNSIGNED NOT NULL,
  `customer_fname` varchar(255) COLLATE utf8mb4_unicode_ci NOT NULL,
  `customer_lname` varchar(255) COLLATE utf8mb4_unicode_ci NOT NULL,
  `address` varchar(255) COLLATE utf8mb4_unicode_ci NOT NULL,
  `birthdate` date NOT NULL,
  `contact_no` varchar(255) COLLATE utf8mb4_unicode_ci NOT NULL,
  `email_add` varchar(255) COLLATE utf8mb4_unicode_ci DEFAULT NULL,
  `created_at` timestamp NULL DEFAULT NULL,
  `updated_at` timestamp NULL DEFAULT NULL,
  `deleted_at` timestamp NULL DEFAULT NULL
) ENGINE=InnoDB DEFAULT CHARSET=utf8mb4 COLLATE=utf8mb4_unicode_ci;

--
-- Dumping data for table `customers`
--

INSERT INTO `customers` (`id`, `customer_fname`, `customer_lname`, `address`, `birthdate`, `contact_no`, `email_add`, `created_at`, `updated_at`, `deleted_at`) VALUES
(55, 'Gian Christopher', 'Galicinao', 'Ozamiz City', '1996-02-21', '09255034824', 'gian.galicinao@gmail.com', '2018-06-08 06:56:57', '2018-06-08 06:56:57', NULL),
(56, 'Christopher John', 'Pepino', 'Opra Cebu City', '1996-06-29', '09434662437', 'janjan@gmail.com', '2018-06-08 09:51:31', '2018-06-08 09:51:31', NULL),
(57, 'Rebicca Sarah', 'Manos', 'Camella Homes Lapu-Lapu City', '1994-09-28', '09179522670', 'Rebicca@gmail.com', '2018-06-08 09:53:27', '2018-06-08 09:53:27', NULL),
(58, 'Jacob', 'Impas', 'Opaw Mandaue City', '1987-08-24', '09255034824', 'jacob@gmail.com', '2018-06-08 09:54:56', '2018-06-08 09:54:56', NULL),
(59, 'Maria may', 'Kaindoy', 'BF Townhomes Lapu-Lapu City', '1996-01-03', '09271262060', 'kaindoycx@gmail.com', '2018-06-08 09:56:12', '2018-06-09 15:29:16', NULL),
(60, 'Fidel', 'Ramos', '1181 Bloor Street', '1996-03-21', '09255034824', 'giangalicinao@gmail.com', '2018-06-08 13:46:54', '2018-06-08 13:46:54', NULL),
(61, 'Maria May', 'Baluca', 'Saac I, Mactan Lapu-Lapu City', '1996-05-15', '09255034744', 'Mariamay_baluca@gmail.com', '2018-06-24 19:39:03', '2018-06-24 19:40:10', '2018-06-24 19:40:10');

-- --------------------------------------------------------

--
-- Table structure for table `driver_route_logs`
--

CREATE TABLE `driver_route_logs` (
  `id` int(10) UNSIGNED NOT NULL,
  `personnel_id` int(10) UNSIGNED NOT NULL,
  `order_id` int(10) UNSIGNED NOT NULL,
  `lat` double NOT NULL,
  `lng` double NOT NULL,
  `created_at` timestamp NULL DEFAULT NULL,
  `updated_at` timestamp NULL DEFAULT NULL
) ENGINE=InnoDB DEFAULT CHARSET=utf8mb4 COLLATE=utf8mb4_unicode_ci;

--
-- Dumping data for table `driver_route_logs`
--

INSERT INTO `driver_route_logs` (`id`, `personnel_id`, `order_id`, `lat`, `lng`, `created_at`, `updated_at`) VALUES
(1, 49, 55, 10.3520911, 123.913651, '2018-06-08 13:34:39', '2018-06-08 13:34:39'),
(2, 49, 55, 10.3515375, 123.9134611, '2018-06-08 13:34:40', '2018-06-08 13:34:40'),
(3, 49, 55, 10.3520072, 123.912912, '2018-06-08 13:34:40', '2018-06-08 13:34:40'),
(4, 49, 55, 10.3520201, 123.9129089, '2018-06-08 13:34:41', '2018-06-08 13:34:41'),
(5, 49, 55, 10.3521754, 123.9134486, '2018-06-08 13:34:43', '2018-06-08 13:34:43'),
(6, 49, 55, 10.3522153, 123.9135136, '2018-06-08 13:34:44', '2018-06-08 13:34:44'),
(7, 49, 55, 10.3522602, 123.913526, '2018-06-08 13:34:45', '2018-06-08 13:34:45'),
(8, 49, 55, 10.3522642, 123.9135055, '2018-06-08 13:34:46', '2018-06-08 13:34:46'),
(9, 49, 55, 10.3522346, 123.9135004, '2018-06-08 13:34:47', '2018-06-08 13:34:47'),
(10, 49, 55, 10.3522324, 123.9135022, '2018-06-08 13:34:48', '2018-06-08 13:34:48'),
(11, 49, 55, 10.352117, 123.9135209, '2018-06-08 13:35:10', '2018-06-08 13:35:10'),
(12, 49, 55, 10.3521189, 123.9135206, '2018-06-08 13:35:10', '2018-06-08 13:35:10'),
(13, 49, 55, 10.352113, 123.9135224, '2018-06-08 13:35:13', '2018-06-08 13:35:13'),
(14, 49, 55, 10.3521087, 123.9135137, '2018-06-08 13:35:14', '2018-06-08 13:35:14'),
(15, 49, 55, 10.3520912, 123.9135207, '2018-06-08 13:35:16', '2018-06-08 13:35:16'),
(16, 49, 55, 10.3520829, 123.9135218, '2018-06-08 13:35:17', '2018-06-08 13:35:17'),
(17, 49, 55, 10.3520672, 123.9135247, '2018-06-08 13:35:26', '2018-06-08 13:35:26'),
(18, 49, 55, 10.3520541, 123.9135256, '2018-06-08 13:35:27', '2018-06-08 13:35:27'),
(19, 49, 55, 10.3520344, 123.9135296, '2018-06-08 13:35:28', '2018-06-08 13:35:28'),
(20, 49, 55, 10.3520225, 123.9135343, '2018-06-08 13:35:29', '2018-06-08 13:35:29'),
(21, 49, 55, 10.3520064, 123.9135452, '2018-06-08 13:35:30', '2018-06-08 13:35:30'),
(22, 49, 55, 10.3520155, 123.9135403, '2018-06-08 13:35:31', '2018-06-08 13:35:31'),
(23, 49, 55, 10.352015, 123.9135336, '2018-06-08 13:35:32', '2018-06-08 13:35:32'),
(24, 49, 55, 10.3520091, 123.9135307, '2018-06-08 13:35:33', '2018-06-08 13:35:33'),
(25, 49, 55, 10.3520162, 123.9135213, '2018-06-08 13:35:34', '2018-06-08 13:35:34'),
(26, 49, 55, 10.3520181, 123.9135171, '2018-06-08 13:35:35', '2018-06-08 13:35:35'),
(27, 49, 55, 10.3520223, 123.9135107, '2018-06-08 13:35:36', '2018-06-08 13:35:36'),
(28, 49, 55, 10.3520266, 123.9135017, '2018-06-08 13:35:37', '2018-06-08 13:35:37'),
(29, 49, 55, 10.3520221, 123.9134943, '2018-06-08 13:35:38', '2018-06-08 13:35:38'),
(30, 49, 55, 10.35197, 123.9134797, '2018-06-08 13:35:47', '2018-06-08 13:35:47'),
(31, 49, 55, 10.351961, 123.9134698, '2018-06-08 13:35:48', '2018-06-08 13:35:48'),
(32, 49, 55, 10.3519504, 123.9134611, '2018-06-08 13:35:49', '2018-06-08 13:35:49'),
(33, 49, 55, 10.3519389, 123.9134512, '2018-06-08 13:35:50', '2018-06-08 13:35:50'),
(34, 49, 55, 10.3519332, 123.9134475, '2018-06-08 13:35:51', '2018-06-08 13:35:51'),
(35, 49, 55, 10.3519274, 123.9134445, '2018-06-08 13:35:52', '2018-06-08 13:35:52'),
(36, 49, 55, 10.351919, 123.913449, '2018-06-08 13:35:53', '2018-06-08 13:35:53'),
(37, 49, 55, 10.3519117, 123.9134545, '2018-06-08 13:35:54', '2018-06-08 13:35:54'),
(38, 49, 55, 10.3519054, 123.9134584, '2018-06-08 13:35:55', '2018-06-08 13:35:55'),
(39, 49, 55, 10.3518974, 123.9134629, '2018-06-08 13:35:56', '2018-06-08 13:35:56'),
(40, 49, 55, 10.3518851, 123.9134645, '2018-06-08 13:35:57', '2018-06-08 13:35:57'),
(41, 49, 55, 10.3518711, 123.9134688, '2018-06-08 13:35:58', '2018-06-08 13:35:58'),
(42, 49, 55, 10.3518534, 123.9134689, '2018-06-08 13:35:59', '2018-06-08 13:35:59'),
(43, 49, 55, 10.3518357, 123.9134712, '2018-06-08 13:36:00', '2018-06-08 13:36:00'),
(44, 49, 55, 10.3518129, 123.9134709, '2018-06-08 13:36:01', '2018-06-08 13:36:01'),
(45, 49, 55, 10.3517976, 123.9134718, '2018-06-08 13:36:02', '2018-06-08 13:36:02'),
(46, 49, 55, 10.3517886, 123.9134702, '2018-06-08 13:36:03', '2018-06-08 13:36:03'),
(47, 49, 55, 10.3517711, 123.9134653, '2018-06-08 13:36:04', '2018-06-08 13:36:04'),
(48, 49, 55, 10.351761, 123.9134641, '2018-06-08 13:36:05', '2018-06-08 13:36:05'),
(49, 49, 55, 10.3517499, 123.9134597, '2018-06-08 13:36:06', '2018-06-08 13:36:06'),
(50, 49, 55, 10.3517405, 123.9134561, '2018-06-08 13:36:07', '2018-06-08 13:36:07'),
(51, 49, 55, 10.3517271, 123.9134565, '2018-06-08 13:36:08', '2018-06-08 13:36:08'),
(52, 49, 55, 10.3517252, 123.9134587, '2018-06-08 13:36:09', '2018-06-08 13:36:09'),
(53, 49, 55, 10.3517161, 123.9134579, '2018-06-08 13:36:10', '2018-06-08 13:36:10'),
(54, 49, 55, 10.3517072, 123.9134521, '2018-06-08 13:36:11', '2018-06-08 13:36:11'),
(55, 49, 55, 10.3516947, 123.9134454, '2018-06-08 13:36:12', '2018-06-08 13:36:12'),
(56, 49, 55, 10.351677, 123.9134347, '2018-06-08 13:36:13', '2018-06-08 13:36:13'),
(57, 49, 55, 10.3516586, 123.9134119, '2018-06-08 13:36:14', '2018-06-08 13:36:14'),
(58, 49, 55, 10.351642, 123.9133986, '2018-06-08 13:36:15', '2018-06-08 13:36:15'),
(59, 49, 55, 10.3516304, 123.9133876, '2018-06-08 13:36:16', '2018-06-08 13:36:16'),
(60, 49, 55, 10.3516191, 123.9133795, '2018-06-08 13:36:17', '2018-06-08 13:36:17'),
(61, 49, 55, 10.3516099, 123.913374, '2018-06-08 13:36:18', '2018-06-08 13:36:18'),
(62, 49, 55, 10.3515964, 123.9133642, '2018-06-08 13:36:19', '2018-06-08 13:36:19'),
(63, 49, 55, 10.3515809, 123.9133525, '2018-06-08 13:36:20', '2018-06-08 13:36:20'),
(64, 49, 55, 10.3515682, 123.9133456, '2018-06-08 13:36:21', '2018-06-08 13:36:21'),
(65, 49, 55, 10.3515532, 123.9133453, '2018-06-08 13:36:22', '2018-06-08 13:36:22'),
(66, 49, 55, 10.3515529, 123.913346, '2018-06-08 13:36:23', '2018-06-08 13:36:23'),
(67, 49, 55, 10.3515569, 123.9133463, '2018-06-08 13:36:24', '2018-06-08 13:36:24'),
(68, 49, 55, 10.3515628, 123.9133425, '2018-06-08 13:36:25', '2018-06-08 13:36:25'),
(69, 49, 55, 10.3515746, 123.9133427, '2018-06-08 13:36:26', '2018-06-08 13:36:26'),
(70, 49, 55, 10.351583, 123.9133435, '2018-06-08 13:36:27', '2018-06-08 13:36:27'),
(71, 49, 55, 10.351585, 123.9133422, '2018-06-08 13:36:28', '2018-06-08 13:36:28'),
(72, 49, 55, 10.3515914, 123.9133411, '2018-06-08 13:36:29', '2018-06-08 13:36:29'),
(73, 49, 55, 10.351598, 123.9133399, '2018-06-08 13:36:30', '2018-06-08 13:36:30'),
(74, 49, 55, 10.351603, 123.91334, '2018-06-08 13:36:31', '2018-06-08 13:36:31'),
(75, 49, 55, 10.3516062, 123.9133431, '2018-06-08 13:36:32', '2018-06-08 13:36:32'),
(76, 49, 55, 10.3516089, 123.9133441, '2018-06-08 13:36:33', '2018-06-08 13:36:33'),
(77, 49, 55, 10.3516101, 123.9133472, '2018-06-08 13:36:34', '2018-06-08 13:36:34'),
(78, 49, 55, 10.3516131, 123.9133459, '2018-06-08 13:36:35', '2018-06-08 13:36:35'),
(79, 49, 55, 10.3516082, 123.9133474, '2018-06-08 13:36:36', '2018-06-08 13:36:36'),
(80, 49, 55, 10.3516114, 123.9133479, '2018-06-08 13:36:37', '2018-06-08 13:36:37'),
(81, 49, 55, 10.3516142, 123.9133498, '2018-06-08 13:36:38', '2018-06-08 13:36:38'),
(82, 49, 55, 10.3516168, 123.913352, '2018-06-08 13:36:39', '2018-06-08 13:36:39'),
(83, 49, 55, 10.3516093, 123.9133512, '2018-06-08 13:36:40', '2018-06-08 13:36:40'),
(84, 49, 55, 10.3516143, 123.9133528, '2018-06-08 13:36:41', '2018-06-08 13:36:41'),
(85, 49, 55, 10.3516134, 123.9133537, '2018-06-08 13:36:42', '2018-06-08 13:36:42'),
(86, 49, 55, 10.3516183, 123.9133548, '2018-06-08 13:36:43', '2018-06-08 13:36:43'),
(87, 49, 55, 10.3516218, 123.9133545, '2018-06-08 13:36:44', '2018-06-08 13:36:44'),
(88, 49, 55, 10.3516238, 123.9133528, '2018-06-08 13:36:45', '2018-06-08 13:36:45'),
(89, 49, 55, 10.3516204, 123.913351, '2018-06-08 13:36:46', '2018-06-08 13:36:46'),
(90, 49, 55, 10.3516229, 123.9133469, '2018-06-08 13:36:47', '2018-06-08 13:36:47'),
(91, 49, 55, 10.3516236, 123.9133414, '2018-06-08 13:36:48', '2018-06-08 13:36:48'),
(92, 49, 55, 10.3516227, 123.913336, '2018-06-08 13:36:49', '2018-06-08 13:36:49'),
(93, 49, 55, 10.3516174, 123.9133339, '2018-06-08 13:36:50', '2018-06-08 13:36:50'),
(94, 49, 55, 10.3516171, 123.9133265, '2018-06-08 13:36:51', '2018-06-08 13:36:51'),
(95, 49, 55, 10.3516145, 123.9133233, '2018-06-08 13:36:52', '2018-06-08 13:36:52'),
(96, 49, 55, 10.3516107, 123.913324, '2018-06-08 13:36:53', '2018-06-08 13:36:53'),
(97, 49, 55, 10.3516092, 123.9133207, '2018-06-08 13:36:54', '2018-06-08 13:36:54'),
(98, 49, 55, 10.3516082, 123.9133155, '2018-06-08 13:36:55', '2018-06-08 13:36:55'),
(99, 49, 55, 10.3516111, 123.9132949, '2018-06-08 13:36:56', '2018-06-08 13:36:56'),
(100, 49, 55, 10.3516141, 123.9132761, '2018-06-08 13:36:57', '2018-06-08 13:36:57'),
(101, 49, 55, 10.3516163, 123.9132607, '2018-06-08 13:36:58', '2018-06-08 13:36:58'),
(102, 49, 55, 10.3516226, 123.9132459, '2018-06-08 13:36:59', '2018-06-08 13:36:59'),
(103, 49, 55, 10.3516287, 123.9132372, '2018-06-08 13:37:00', '2018-06-08 13:37:00'),
(104, 49, 55, 10.3516353, 123.913225, '2018-06-08 13:37:01', '2018-06-08 13:37:01'),
(105, 49, 55, 10.3516378, 123.9132181, '2018-06-08 13:37:02', '2018-06-08 13:37:02'),
(106, 49, 55, 10.3516429, 123.9132035, '2018-06-08 13:37:03', '2018-06-08 13:37:03'),
(107, 49, 55, 10.3516445, 123.9131945, '2018-06-08 13:37:04', '2018-06-08 13:37:04'),
(108, 49, 55, 10.3516443, 123.9131904, '2018-06-08 13:37:05', '2018-06-08 13:37:05'),
(109, 49, 55, 10.3516456, 123.9131816, '2018-06-08 13:37:06', '2018-06-08 13:37:06'),
(110, 49, 55, 10.3516472, 123.9131792, '2018-06-08 13:37:07', '2018-06-08 13:37:07'),
(111, 49, 55, 10.3516454, 123.9131823, '2018-06-08 13:37:08', '2018-06-08 13:37:08'),
(112, 49, 55, 10.3516445, 123.9131831, '2018-06-08 13:37:09', '2018-06-08 13:37:09'),
(113, 49, 55, 10.3516436, 123.9131852, '2018-06-08 13:37:10', '2018-06-08 13:37:10'),
(114, 49, 55, 10.3516431, 123.9131885, '2018-06-08 13:37:11', '2018-06-08 13:37:11'),
(115, 49, 55, 10.3516424, 123.9131925, '2018-06-08 13:37:12', '2018-06-08 13:37:12'),
(116, 49, 55, 10.3516415, 123.9131946, '2018-06-08 13:37:13', '2018-06-08 13:37:13'),
(117, 49, 55, 10.3516434, 123.9131906, '2018-06-08 13:37:14', '2018-06-08 13:37:14'),
(118, 49, 55, 10.3516439, 123.9131806, '2018-06-08 13:37:17', '2018-06-08 13:37:17'),
(119, 49, 55, 10.351643, 123.9131867, '2018-06-08 13:37:17', '2018-06-08 13:37:17'),
(120, 49, 55, 10.3516454, 123.9131744, '2018-06-08 13:37:17', '2018-06-08 13:37:17'),
(121, 49, 55, 10.3516472, 123.913162, '2018-06-08 13:37:18', '2018-06-08 13:37:18'),
(122, 49, 55, 10.351651, 123.913148, '2018-06-08 13:37:19', '2018-06-08 13:37:19'),
(123, 49, 55, 10.3516484, 123.9131452, '2018-06-08 13:37:20', '2018-06-08 13:37:20'),
(124, 49, 55, 10.3516474, 123.9131322, '2018-06-08 13:37:21', '2018-06-08 13:37:21'),
(125, 49, 55, 10.3516496, 123.9131187, '2018-06-08 13:37:22', '2018-06-08 13:37:22'),
(126, 49, 55, 10.35165, 123.9131089, '2018-06-08 13:37:23', '2018-06-08 13:37:23'),
(127, 49, 55, 10.3516505, 123.9131006, '2018-06-08 13:37:24', '2018-06-08 13:37:24'),
(128, 49, 55, 10.3516525, 123.9130819, '2018-06-08 13:37:25', '2018-06-08 13:37:25'),
(129, 49, 55, 10.3516514, 123.9130742, '2018-06-08 13:37:26', '2018-06-08 13:37:26'),
(130, 49, 55, 10.3516497, 123.9130663, '2018-06-08 13:37:27', '2018-06-08 13:37:27'),
(131, 49, 55, 10.3516523, 123.9130496, '2018-06-08 13:37:28', '2018-06-08 13:37:28'),
(132, 49, 55, 10.3516574, 123.9130354, '2018-06-08 13:37:29', '2018-06-08 13:37:29'),
(133, 49, 55, 10.3516597, 123.9130184, '2018-06-08 13:37:30', '2018-06-08 13:37:30'),
(134, 49, 55, 10.3516619, 123.9130007, '2018-06-08 13:37:31', '2018-06-08 13:37:31'),
(135, 49, 55, 10.3516635, 123.9129868, '2018-06-08 13:37:32', '2018-06-08 13:37:32'),
(136, 49, 55, 10.3516635, 123.912982, '2018-06-08 13:37:33', '2018-06-08 13:37:33'),
(137, 49, 55, 10.3516671, 123.9129649, '2018-06-08 13:37:34', '2018-06-08 13:37:34'),
(138, 49, 55, 10.3516737, 123.9129443, '2018-06-08 13:37:35', '2018-06-08 13:37:35'),
(139, 49, 55, 10.3516778, 123.9129301, '2018-06-08 13:37:36', '2018-06-08 13:37:36'),
(140, 49, 55, 10.3516875, 123.9129095, '2018-06-08 13:37:37', '2018-06-08 13:37:37'),
(141, 49, 55, 10.3516982, 123.912889, '2018-06-08 13:37:38', '2018-06-08 13:37:38'),
(142, 49, 55, 10.3517054, 123.9128691, '2018-06-08 13:37:39', '2018-06-08 13:37:39'),
(143, 49, 55, 10.3517121, 123.9128518, '2018-06-08 13:37:40', '2018-06-08 13:37:40'),
(144, 49, 55, 10.3517187, 123.9128391, '2018-06-08 13:37:41', '2018-06-08 13:37:41'),
(145, 49, 55, 10.3517187, 123.9128381, '2018-06-08 13:37:42', '2018-06-08 13:37:42'),
(146, 49, 55, 10.35172, 123.9128332, '2018-06-08 13:37:43', '2018-06-08 13:37:43'),
(147, 49, 55, 10.3517217, 123.9128295, '2018-06-08 13:37:44', '2018-06-08 13:37:44'),
(148, 49, 55, 10.3517254, 123.9128254, '2018-06-08 13:37:45', '2018-06-08 13:37:45'),
(149, 49, 55, 10.3517333, 123.9128183, '2018-06-08 13:37:46', '2018-06-08 13:37:46'),
(150, 49, 55, 10.3517428, 123.9128097, '2018-06-08 13:37:47', '2018-06-08 13:37:47'),
(151, 49, 55, 10.3517545, 123.9128007, '2018-06-08 13:37:48', '2018-06-08 13:37:48'),
(152, 49, 55, 10.3517681, 123.9127927, '2018-06-08 13:37:49', '2018-06-08 13:37:49'),
(153, 49, 55, 10.3517879, 123.9127797, '2018-06-08 13:37:50', '2018-06-08 13:37:50'),
(154, 49, 55, 10.35181, 123.9127666, '2018-06-08 13:37:51', '2018-06-08 13:37:51'),
(155, 49, 55, 10.3518349, 123.9127586, '2018-06-08 13:37:52', '2018-06-08 13:37:52'),
(156, 49, 55, 10.3518562, 123.9127567, '2018-06-08 13:37:53', '2018-06-08 13:37:53'),
(157, 49, 55, 10.3518757, 123.9127537, '2018-06-08 13:37:54', '2018-06-08 13:37:54'),
(158, 49, 55, 10.3518983, 123.9127521, '2018-06-08 13:37:55', '2018-06-08 13:37:55'),
(159, 49, 55, 10.3519163, 123.9127486, '2018-06-08 13:37:56', '2018-06-08 13:37:56'),
(160, 49, 55, 10.3519378, 123.9127468, '2018-06-08 13:37:57', '2018-06-08 13:37:57'),
(161, 49, 55, 10.3519588, 123.9127432, '2018-06-08 13:37:58', '2018-06-08 13:37:58'),
(162, 49, 55, 10.3519807, 123.9127445, '2018-06-08 13:37:59', '2018-06-08 13:37:59'),
(163, 49, 55, 10.3520022, 123.9127487, '2018-06-08 13:38:00', '2018-06-08 13:38:00'),
(164, 49, 55, 10.352021, 123.9127501, '2018-06-08 13:38:01', '2018-06-08 13:38:01'),
(165, 49, 55, 10.3520438, 123.9127548, '2018-06-08 13:38:02', '2018-06-08 13:38:02'),
(166, 49, 55, 10.3520631, 123.9127584, '2018-06-08 13:38:03', '2018-06-08 13:38:03'),
(167, 49, 55, 10.3520788, 123.9127576, '2018-06-08 13:38:04', '2018-06-08 13:38:04'),
(168, 49, 55, 10.3520978, 123.912755, '2018-06-08 13:38:05', '2018-06-08 13:38:05'),
(169, 49, 55, 10.3521094, 123.9127568, '2018-06-08 13:38:06', '2018-06-08 13:38:06'),
(170, 49, 55, 10.3521248, 123.912761, '2018-06-08 13:38:07', '2018-06-08 13:38:07'),
(171, 49, 55, 10.3521361, 123.9127648, '2018-06-08 13:38:08', '2018-06-08 13:38:08'),
(172, 49, 55, 10.3521507, 123.9127729, '2018-06-08 13:38:09', '2018-06-08 13:38:09'),
(173, 49, 55, 10.3521626, 123.9127756, '2018-06-08 13:38:10', '2018-06-08 13:38:10'),
(174, 49, 55, 10.3521696, 123.9127754, '2018-06-08 13:38:11', '2018-06-08 13:38:11'),
(175, 49, 55, 10.352183, 123.9127764, '2018-06-08 13:38:12', '2018-06-08 13:38:12'),
(176, 49, 55, 10.3521898, 123.9127754, '2018-06-08 13:38:13', '2018-06-08 13:38:13'),
(177, 49, 55, 10.3522002, 123.9127739, '2018-06-08 13:38:14', '2018-06-08 13:38:14'),
(178, 49, 55, 10.352204, 123.9127715, '2018-06-08 13:38:15', '2018-06-08 13:38:15'),
(179, 49, 55, 10.3522082, 123.9127693, '2018-06-08 13:38:16', '2018-06-08 13:38:16'),
(180, 49, 55, 10.3522137, 123.9127718, '2018-06-08 13:38:17', '2018-06-08 13:38:17'),
(181, 49, 55, 10.3522205, 123.9127835, '2018-06-08 13:38:18', '2018-06-08 13:38:18'),
(182, 49, 55, 10.3522229, 123.9127812, '2018-06-08 13:38:19', '2018-06-08 13:38:19'),
(183, 49, 55, 10.3522157, 123.912784, '2018-06-08 13:38:20', '2018-06-08 13:38:20'),
(184, 49, 55, 10.3522157, 123.9127796, '2018-06-08 13:38:22', '2018-06-08 13:38:22'),
(185, 49, 55, 10.3522115, 123.9127755, '2018-06-08 13:38:22', '2018-06-08 13:38:22'),
(186, 49, 55, 10.3522131, 123.9127763, '2018-06-08 13:38:23', '2018-06-08 13:38:23'),
(187, 49, 55, 10.3522178, 123.9127818, '2018-06-08 13:38:24', '2018-06-08 13:38:24'),
(188, 49, 55, 10.3522059, 123.9127822, '2018-06-08 13:38:26', '2018-06-08 13:38:26'),
(189, 49, 55, 10.3522088, 123.9127842, '2018-06-08 13:38:27', '2018-06-08 13:38:27'),
(190, 49, 55, 10.3522089, 123.9127888, '2018-06-08 13:38:28', '2018-06-08 13:38:28'),
(191, 49, 55, 10.3522092, 123.912791, '2018-06-08 13:38:29', '2018-06-08 13:38:29'),
(192, 49, 55, 10.3521997, 123.9127989, '2018-06-08 13:38:31', '2018-06-08 13:38:31'),
(193, 49, 55, 10.3521979, 123.9128009, '2018-06-08 13:38:32', '2018-06-08 13:38:32'),
(194, 49, 55, 10.3521953, 123.9128074, '2018-06-08 13:38:33', '2018-06-08 13:38:33'),
(195, 49, 55, 10.3522041, 123.9128085, '2018-06-08 13:38:34', '2018-06-08 13:38:34'),
(196, 49, 55, 10.3522091, 123.9128135, '2018-06-08 13:38:35', '2018-06-08 13:38:35'),
(197, 49, 55, 10.3522128, 123.9128228, '2018-06-08 13:38:36', '2018-06-08 13:38:36'),
(198, 49, 55, 10.3522106, 123.9128298, '2018-06-08 13:38:37', '2018-06-08 13:38:37'),
(199, 49, 55, 10.3522142, 123.9128392, '2018-06-08 13:38:38', '2018-06-08 13:38:38'),
(200, 49, 55, 10.3522165, 123.9128495, '2018-06-08 13:38:39', '2018-06-08 13:38:39'),
(201, 49, 55, 10.3522125, 123.9128606, '2018-06-08 13:38:44', '2018-06-08 13:38:44'),
(202, 49, 55, 10.3522127, 123.9128655, '2018-06-08 13:38:46', '2018-06-08 13:38:46'),
(203, 49, 55, 10.3522151, 123.9128719, '2018-06-08 13:38:47', '2018-06-08 13:38:47'),
(204, 49, 55, 10.3522167, 123.912877, '2018-06-08 13:38:48', '2018-06-08 13:38:48'),
(205, 49, 55, 10.3522176, 123.9128833, '2018-06-08 13:38:49', '2018-06-08 13:38:49'),
(206, 49, 55, 10.3522185, 123.9128907, '2018-06-08 13:38:50', '2018-06-08 13:38:50'),
(207, 49, 55, 10.3522194, 123.9128985, '2018-06-08 13:38:51', '2018-06-08 13:38:51'),
(208, 49, 55, 10.3522166, 123.9129101, '2018-06-08 13:38:52', '2018-06-08 13:38:52'),
(209, 49, 55, 10.3522163, 123.9129162, '2018-06-08 13:38:53', '2018-06-08 13:38:53'),
(210, 49, 55, 10.3522116, 123.9129255, '2018-06-08 13:38:54', '2018-06-08 13:38:54'),
(211, 49, 55, 10.3522049, 123.912936, '2018-06-08 13:38:55', '2018-06-08 13:38:55'),
(212, 49, 55, 10.3521992, 123.9129447, '2018-06-08 13:38:56', '2018-06-08 13:38:56'),
(213, 49, 55, 10.3521947, 123.9129525, '2018-06-08 13:38:57', '2018-06-08 13:38:57'),
(214, 49, 55, 10.3521895, 123.9129609, '2018-06-08 13:38:58', '2018-06-08 13:38:58'),
(215, 49, 55, 10.3521849, 123.9129678, '2018-06-08 13:38:59', '2018-06-08 13:38:59'),
(216, 49, 55, 10.3521795, 123.9129752, '2018-06-08 13:39:00', '2018-06-08 13:39:00'),
(217, 49, 55, 10.3521743, 123.9129826, '2018-06-08 13:39:01', '2018-06-08 13:39:01'),
(218, 49, 55, 10.3521676, 123.9129967, '2018-06-08 13:39:02', '2018-06-08 13:39:02'),
(219, 49, 55, 10.352164, 123.9130051, '2018-06-08 13:39:03', '2018-06-08 13:39:03'),
(220, 49, 55, 10.3521611, 123.9130122, '2018-06-08 13:39:04', '2018-06-08 13:39:04'),
(221, 49, 55, 10.3521589, 123.9130164, '2018-06-08 13:39:05', '2018-06-08 13:39:05'),
(222, 49, 55, 10.3521576, 123.9130187, '2018-06-08 13:39:06', '2018-06-08 13:39:06'),
(223, 49, 55, 10.3521567, 123.9130215, '2018-06-08 13:39:07', '2018-06-08 13:39:07'),
(224, 49, 55, 10.3521543, 123.9130288, '2018-06-08 13:39:08', '2018-06-08 13:39:08'),
(225, 49, 55, 10.3521508, 123.91304, '2018-06-08 13:39:09', '2018-06-08 13:39:09'),
(226, 49, 55, 10.3521473, 123.913053, '2018-06-08 13:39:10', '2018-06-08 13:39:10'),
(227, 49, 55, 10.3521403, 123.9130744, '2018-06-08 13:39:11', '2018-06-08 13:39:11'),
(228, 49, 55, 10.3521359, 123.9130981, '2018-06-08 13:39:12', '2018-06-08 13:39:12'),
(229, 49, 55, 10.3521361, 123.9131219, '2018-06-08 13:39:13', '2018-06-08 13:39:13'),
(230, 49, 55, 10.3521353, 123.9131476, '2018-06-08 13:39:15', '2018-06-08 13:39:15'),
(231, 49, 55, 10.3521345, 123.9131684, '2018-06-08 13:39:16', '2018-06-08 13:39:16'),
(232, 49, 55, 10.3521339, 123.9131843, '2018-06-08 13:39:17', '2018-06-08 13:39:17'),
(233, 49, 55, 10.3521314, 123.9132007, '2018-06-08 13:39:18', '2018-06-08 13:39:18'),
(234, 49, 55, 10.3521252, 123.9132192, '2018-06-08 13:39:18', '2018-06-08 13:39:18'),
(235, 49, 55, 10.3521213, 123.9132342, '2018-06-08 13:39:19', '2018-06-08 13:39:19'),
(236, 49, 55, 10.3521168, 123.9132508, '2018-06-08 13:39:20', '2018-06-08 13:39:20'),
(237, 49, 55, 10.3521085, 123.9132766, '2018-06-08 13:39:21', '2018-06-08 13:39:21'),
(238, 49, 55, 10.352095, 123.9133013, '2018-06-08 13:39:22', '2018-06-08 13:39:22'),
(239, 49, 55, 10.352085, 123.913316, '2018-06-08 13:39:23', '2018-06-08 13:39:23'),
(240, 49, 55, 10.3520705, 123.9133323, '2018-06-08 13:39:24', '2018-06-08 13:39:24'),
(241, 49, 55, 10.3520556, 123.9133464, '2018-06-08 13:39:25', '2018-06-08 13:39:25'),
(242, 49, 55, 10.3520407, 123.9133519, '2018-06-08 13:39:27', '2018-06-08 13:39:27'),
(243, 49, 55, 10.3520296, 123.9133576, '2018-06-08 13:39:28', '2018-06-08 13:39:28'),
(244, 49, 55, 10.3520296, 123.9133576, '2018-06-08 13:39:35', '2018-06-08 13:39:35'),
(245, 49, 55, 10.3510834, 123.9135075, '2018-06-08 14:23:17', '2018-06-08 14:23:17'),
(246, 49, 55, 10.3527244, 123.9133003, '2018-06-08 14:23:17', '2018-06-08 14:23:17'),
(247, 49, 55, 10.3526826, 123.9133746, '2018-06-08 14:23:20', '2018-06-08 14:23:20'),
(248, 49, 55, 10.3526805, 123.9134466, '2018-06-08 14:23:21', '2018-06-08 14:23:21'),
(249, 49, 55, 10.3526494, 123.9134211, '2018-06-08 14:24:08', '2018-06-08 14:24:08'),
(250, 49, 55, 10.3526483, 123.9134318, '2018-06-08 14:24:14', '2018-06-08 14:24:14'),
(251, 49, 55, 10.3526476, 123.913437, '2018-06-08 14:24:15', '2018-06-08 14:24:15'),
(252, 49, 55, 10.352648, 123.9134366, '2018-06-08 14:24:16', '2018-06-08 14:24:16'),
(253, 49, 55, 10.3526448, 123.9134382, '2018-06-08 14:24:17', '2018-06-08 14:24:17'),
(254, 49, 55, 10.3526414, 123.9134393, '2018-06-08 14:24:18', '2018-06-08 14:24:18'),
(255, 49, 55, 10.3526391, 123.9134397, '2018-06-08 14:24:19', '2018-06-08 14:24:19'),
(256, 49, 55, 10.3526387, 123.9134393, '2018-06-08 14:24:20', '2018-06-08 14:24:20'),
(257, 49, 55, 10.3526401, 123.9134376, '2018-06-08 14:24:21', '2018-06-08 14:24:21'),
(258, 49, 55, 10.3526412, 123.913436, '2018-06-08 14:24:22', '2018-06-08 14:24:22'),
(259, 49, 55, 10.3526421, 123.9134347, '2018-06-08 14:24:23', '2018-06-08 14:24:23'),
(260, 49, 55, 10.352641, 123.9134379, '2018-06-08 14:24:24', '2018-06-08 14:24:24'),
(261, 49, 55, 10.3526401, 123.9134408, '2018-06-08 14:24:25', '2018-06-08 14:24:25'),
(262, 49, 55, 10.3526381, 123.9134447, '2018-06-08 14:24:26', '2018-06-08 14:24:26'),
(263, 49, 55, 10.3526378, 123.9134526, '2018-06-08 14:24:30', '2018-06-08 14:24:30'),
(264, 49, 55, 10.3526462, 123.9134579, '2018-06-08 14:24:32', '2018-06-08 14:24:32'),
(265, 52, 62, 10.2912799, 123.9909339, '2018-06-09 15:34:23', '2018-06-09 15:34:23'),
(266, 49, 65, 10.2914446, 123.9906997, '2018-06-24 20:39:41', '2018-06-24 20:39:41'),
(267, 49, 65, 10.2914446, 123.9906997, '2018-06-24 20:43:15', '2018-06-24 20:43:15'),
(268, 49, 65, 10.2914446, 123.9906997, '2018-06-24 20:43:17', '2018-06-24 20:43:17'),
(269, 49, 64, 10.2914536, 123.99078, '2018-06-24 20:43:27', '2018-06-24 20:43:27'),
(270, 49, 64, 10.2914537, 123.9907813, '2018-06-24 20:43:38', '2018-06-24 20:43:38'),
(271, 49, 64, 10.2914537, 123.9907813, '2018-06-24 20:43:46', '2018-06-24 20:43:46'),
(272, 49, 64, 10.2914537, 123.9907813, '2018-06-24 20:43:56', '2018-06-24 20:43:56'),
(273, 49, 64, 10.2914537, 123.9907813, '2018-06-24 20:44:06', '2018-06-24 20:44:06'),
(274, 49, 64, 10.2914537, 123.9907813, '2018-06-24 20:44:16', '2018-06-24 20:44:16'),
(275, 49, 64, 10.2914537, 123.9907813, '2018-06-24 20:44:33', '2018-06-24 20:44:33'),
(276, 49, 64, 10.2914537, 123.9907813, '2018-06-24 20:44:36', '2018-06-24 20:44:36'),
(277, 49, 64, 10.2914537, 123.9907813, '2018-06-24 20:44:47', '2018-06-24 20:44:47'),
(278, 49, 65, 10.2914462, 123.9906991, '2018-06-24 20:46:06', '2018-06-24 20:46:06'),
(279, 49, 65, 10.2914458, 123.990699, '2018-06-24 20:46:17', '2018-06-24 20:46:17'),
(280, 49, 65, 10.2914446, 123.9906997, '2018-06-24 20:46:27', '2018-06-24 20:46:27'),
(281, 49, 65, 10.2914446, 123.9906997, '2018-06-24 20:53:50', '2018-06-24 20:53:50'),
(282, 49, 65, 10.2914652, 123.99073, '2018-06-24 20:53:51', '2018-06-24 20:53:51'),
(283, 49, 65, 10.2914755, 123.9907433, '2018-06-24 20:53:54', '2018-06-24 20:53:54'),
(284, 49, 65, 10.2914895, 123.9907209, '2018-06-24 20:53:55', '2018-06-24 20:53:55'),
(285, 49, 65, 10.2914888, 123.9907322, '2018-06-24 20:53:56', '2018-06-24 20:53:56'),
(286, 49, 65, 10.2914905, 123.9907414, '2018-06-24 20:53:57', '2018-06-24 20:53:57'),
(287, 49, 65, 10.2914972, 123.9907425, '2018-06-24 20:53:58', '2018-06-24 20:53:58'),
(288, 49, 65, 10.2915017, 123.9907429, '2018-06-24 20:53:59', '2018-06-24 20:53:59'),
(289, 49, 65, 10.2914981, 123.9907499, '2018-06-24 20:54:00', '2018-06-24 20:54:00'),
(290, 49, 65, 10.2914958, 123.990753, '2018-06-24 20:54:01', '2018-06-24 20:54:01'),
(291, 49, 65, 10.2914919, 123.9907682, '2018-06-24 20:54:02', '2018-06-24 20:54:02'),
(292, 49, 65, 10.291491, 123.9907652, '2018-06-24 20:54:03', '2018-06-24 20:54:03'),
(293, 49, 65, 10.2914864, 123.9907599, '2018-06-24 20:54:03', '2018-06-24 20:54:03'),
(294, 49, 65, 10.2914853, 123.9907498, '2018-06-24 20:54:04', '2018-06-24 20:54:04'),
(295, 49, 65, 10.2914937, 123.9907425, '2018-06-24 20:54:05', '2018-06-24 20:54:05'),
(296, 49, 65, 10.2915003, 123.9907383, '2018-06-24 20:54:06', '2018-06-24 20:54:06'),
(297, 49, 65, 10.2915024, 123.9907419, '2018-06-24 20:54:07', '2018-06-24 20:54:07'),
(298, 49, 65, 10.2914954, 123.9907403, '2018-06-24 20:54:14', '2018-06-24 20:54:14'),
(299, 49, 65, 10.291458, 123.9907104, '2018-06-24 20:54:24', '2018-06-24 20:54:24'),
(300, 49, 65, 10.2914655, 123.9907097, '2018-06-24 20:54:34', '2018-06-24 20:54:34'),
(301, 49, 65, 10.2914595, 123.9907177, '2018-06-24 20:54:44', '2018-06-24 20:54:44'),
(302, 49, 65, 10.291451, 123.9907766, '2018-06-26 12:20:15', '2018-06-26 12:20:15'),
(303, 49, 65, 10.2914503, 123.9907823, '2018-06-26 12:20:26', '2018-06-26 12:20:26'),
(304, 49, 65, 10.2914546, 123.9907829, '2018-06-26 12:25:16', '2018-06-26 12:25:16');

-- --------------------------------------------------------

--
-- Table structure for table `migrations`
--

CREATE TABLE `migrations` (
  `id` int(10) UNSIGNED NOT NULL,
  `migration` varchar(255) COLLATE utf8mb4_unicode_ci NOT NULL,
  `batch` int(11) NOT NULL
) ENGINE=InnoDB DEFAULT CHARSET=utf8mb4 COLLATE=utf8mb4_unicode_ci;

--
-- Dumping data for table `migrations`
--

INSERT INTO `migrations` (`id`, `migration`, `batch`) VALUES
(17, '2018_05_20_183843_add_deleted_at_column_to_products_table', 1),
(22, '2018_05_26_080642_add_status_at_column_to_orders_table', 6),
(23, '2018_05_26_081012_add_status_at_column_to_orders_table', 7),
(26, '2018_01_13_074253_create_users_table', 8),
(27, '2018_02_10_031453_create_products_table', 8),
(28, '2018_02_10_122548_create_customers_table', 8),
(29, '2018_02_11_054854_create_vehicles_table', 8),
(30, '2018_02_16_124852_create_personnels_table', 8),
(31, '2018_05_02_071136_create_orders_table', 8),
(32, '2018_05_08_130310_create_units_table', 8),
(33, '2018_05_08_140343_create_vehicle_types_table', 8),
(34, '2018_05_12_173435_create_personnel_types_table', 8),
(35, '2018_05_20_071634_add_deleted_at_column_to_users_table', 8),
(36, '2018_05_20_073642_add_deleted_at_column_to_customers_table', 8),
(37, '2018_05_20_073809_add_deleted_at_column_to_orders_table', 8),
(38, '2018_05_20_074046_add_deleted_at_column_to_personnel_types_table', 8),
(39, '2018_05_20_074448_add_deleted_at_column_to_vehicle_types_table', 8),
(40, '2018_05_20_124903_add_usertype_at_column_to_users_table', 8),
(41, '2018_05_20_135016_create_order_lines_table', 8),
(42, '2018_05_22_040631_add_deleted_at_column_to_personnels_table', 8),
(43, '2018_05_22_040831_add_deleted_at_column_to_products_table', 8),
(44, '2018_05_22_040929_add_deleted_at_column_to_units_table', 8),
(45, '2018_05_22_041008_add_deleted_at_column_vehicles_table', 8),
(46, '2018_05_26_081343_add_status_at_column_to_orders_table', 8),
(47, '2018_05_26_120011_add_color_at_column_to_personnels_table', 8),
(48, '2018_05_29_174644_add_name_title_at_column_to_products_table', 9),
(49, '2018_05_29_175009_add_name_title_at_column_to_products_table', 10),
(50, '2018_06_02_114145_add_userimage_at_column_to_users_table', 11),
(51, '2018_06_02_114552_add_title_at_column_to_users_table', 12),
(52, '2018_06_02_122322_add_name_at_column_to_users_table', 13),
(53, '2018_06_04_192336_add_user_id_to_personnels', 13),
(54, '2018_06_05_153618_create_driver_route_logs_table', 14),
(55, '2018_06_07_182031_add_datetime_received_to_orders_table', 15);

-- --------------------------------------------------------

--
-- Table structure for table `orders`
--

CREATE TABLE `orders` (
  `id` int(10) UNSIGNED NOT NULL,
  `customer_id` int(10) UNSIGNED NOT NULL,
  `order_date` date NOT NULL,
  `status` enum('pending','processed','delivered','received') COLLATE utf8mb4_unicode_ci NOT NULL,
  `payment_method` enum('cod','cash','credit') COLLATE utf8mb4_unicode_ci NOT NULL,
  `served_by` int(10) UNSIGNED NOT NULL,
  `delivered_by` int(10) UNSIGNED DEFAULT NULL,
  `created_at` timestamp NULL DEFAULT NULL,
  `updated_at` timestamp NULL DEFAULT NULL,
  `deleted_at` timestamp NULL DEFAULT NULL,
  `datetime_received` datetime DEFAULT NULL
) ENGINE=InnoDB DEFAULT CHARSET=utf8mb4 COLLATE=utf8mb4_unicode_ci;

--
-- Dumping data for table `orders`
--

INSERT INTO `orders` (`id`, `customer_id`, `order_date`, `status`, `payment_method`, `served_by`, `delivered_by`, `created_at`, `updated_at`, `deleted_at`, `datetime_received`) VALUES
(55, 55, '2018-06-08', 'delivered', 'cod', 25, 49, '2018-06-08 10:13:17', '2018-06-09 09:32:00', '2018-06-09 09:32:00', NULL),
(56, 57, '2018-06-08', 'pending', 'credit', 25, 52, '2018-06-08 10:14:29', '2018-06-24 20:49:27', '2018-06-24 20:49:27', NULL),
(57, 58, '2018-06-08', 'pending', 'credit', 25, 50, '2018-06-08 10:15:30', '2018-06-08 10:15:30', NULL, NULL),
(58, 56, '2018-06-08', 'pending', 'credit', 25, 51, '2018-06-08 10:16:31', '2018-06-08 10:16:31', NULL, NULL),
(59, 58, '2018-06-08', 'pending', 'cash', 25, 50, '2018-06-08 13:24:31', '2018-06-08 13:24:31', NULL, NULL),
(60, 55, '2018-06-04', 'pending', 'cash', 25, 50, '2018-06-08 13:26:14', '2018-06-08 13:26:14', NULL, NULL),
(61, 59, '2018-06-08', 'pending', 'cash', 25, 49, '2018-06-08 14:25:12', '2018-06-09 15:31:21', NULL, NULL),
(62, 55, '2018-06-09', 'delivered', 'cod', 25, 52, '2018-06-09 15:30:47', '2018-06-24 20:49:23', '2018-06-24 20:49:23', NULL),
(63, 58, '2018-06-24', 'processed', 'credit', 25, 51, '2018-06-24 09:41:54', '2018-06-24 09:42:34', NULL, NULL),
(64, 59, '2018-06-24', 'received', 'cash', 78, 49, '2018-06-24 09:47:53', '2018-06-24 20:44:00', '2018-06-24 20:44:00', '2018-06-24 20:43:24'),
(65, 55, '2018-06-24', 'received', 'cod', 80, 49, '2018-06-24 20:31:14', '2018-06-26 12:25:26', NULL, '2018-06-26 12:25:26');

-- --------------------------------------------------------

--
-- Table structure for table `order_lines`
--

CREATE TABLE `order_lines` (
  `id` int(10) UNSIGNED NOT NULL,
  `order_id` int(10) UNSIGNED NOT NULL,
  `product_id` int(10) UNSIGNED NOT NULL,
  `quantity` decimal(13,2) NOT NULL,
  `unit_price` decimal(13,2) NOT NULL,
  `created_at` timestamp NULL DEFAULT NULL,
  `updated_at` timestamp NULL DEFAULT NULL,
  `deleted_at` timestamp NULL DEFAULT NULL
) ENGINE=InnoDB DEFAULT CHARSET=utf8mb4 COLLATE=utf8mb4_unicode_ci;

--
-- Dumping data for table `order_lines`
--

INSERT INTO `order_lines` (`id`, `order_id`, `product_id`, `quantity`, `unit_price`, `created_at`, `updated_at`, `deleted_at`) VALUES
(180, 56, 68, '3.00', '245.00', '2018-06-08 10:14:29', '2018-06-08 10:14:29', NULL),
(181, 57, 68, '2.00', '245.00', '2018-06-08 10:15:30', '2018-06-08 10:15:30', NULL),
(182, 58, 68, '2.00', '245.00', '2018-06-08 10:16:31', '2018-06-08 10:16:31', NULL),
(183, 58, 73, '2.00', '1000.00', '2018-06-08 10:16:31', '2018-06-08 10:16:31', NULL),
(184, 59, 68, '2.00', '245.00', '2018-06-08 13:24:31', '2018-06-08 13:24:31', NULL),
(185, 59, 71, '2.00', '550.00', '2018-06-08 13:24:31', '2018-06-08 13:24:31', NULL),
(186, 59, 69, '2.00', '350.00', '2018-06-08 13:24:31', '2018-06-08 13:24:31', NULL),
(187, 60, 68, '2.00', '245.00', '2018-06-08 13:26:14', '2018-06-08 13:26:14', NULL),
(188, 55, 68, '2.00', '245.00', '2018-06-08 13:27:22', '2018-06-08 13:27:22', NULL),
(189, 55, 71, '2.00', '550.00', '2018-06-08 13:27:22', '2018-06-08 13:27:22', NULL),
(194, 61, 72, '1.00', '35.00', '2018-06-09 15:31:21', '2018-06-09 15:31:21', NULL),
(202, 62, 68, '2.00', '245.00', '2018-06-18 20:28:02', '2018-06-18 20:28:02', NULL),
(203, 62, 71, '5.00', '550.00', '2018-06-18 20:28:02', '2018-06-18 20:28:02', NULL),
(204, 62, 72, '3.00', '35.00', '2018-06-18 20:28:02', '2018-06-18 20:28:02', NULL),
(205, 62, 75, '2.00', '1500.00', '2018-06-18 20:28:02', '2018-06-18 20:28:02', NULL),
(210, 63, 68, '2.00', '245.00', '2018-06-24 09:42:34', '2018-06-24 09:42:34', NULL),
(211, 63, 63, '2.00', '75.00', '2018-06-24 09:42:34', '2018-06-24 09:42:34', NULL),
(214, 64, 68, '2.00', '245.00', '2018-06-24 09:48:09', '2018-06-24 09:48:09', NULL),
(215, 64, 71, '1.00', '550.00', '2018-06-24 09:48:09', '2018-06-24 09:48:09', NULL),
(228, 65, 68, '2.00', '245.00', '2018-06-26 12:24:58', '2018-06-26 12:24:58', NULL),
(229, 65, 71, '50.00', '550.00', '2018-06-26 12:24:58', '2018-06-26 12:24:58', NULL);

-- --------------------------------------------------------

--
-- Table structure for table `personnels`
--

CREATE TABLE `personnels` (
  `id` int(10) UNSIGNED NOT NULL,
  `personnel_fname` varchar(255) COLLATE utf8mb4_unicode_ci NOT NULL,
  `personnel_lname` varchar(255) COLLATE utf8mb4_unicode_ci NOT NULL,
  `address` varchar(255) COLLATE utf8mb4_unicode_ci NOT NULL,
  `birthdate` date NOT NULL,
  `contact_no` varchar(255) COLLATE utf8mb4_unicode_ci NOT NULL,
  `personneltype` varchar(255) COLLATE utf8mb4_unicode_ci NOT NULL,
  `color` varchar(255) COLLATE utf8mb4_unicode_ci DEFAULT NULL,
  `created_at` timestamp NULL DEFAULT NULL,
  `updated_at` timestamp NULL DEFAULT NULL,
  `deleted_at` timestamp NULL DEFAULT NULL,
  `user_id` int(10) UNSIGNED DEFAULT NULL
) ENGINE=InnoDB DEFAULT CHARSET=utf8mb4 COLLATE=utf8mb4_unicode_ci;

--
-- Dumping data for table `personnels`
--

INSERT INTO `personnels` (`id`, `personnel_fname`, `personnel_lname`, `address`, `birthdate`, `contact_no`, `personneltype`, `color`, `created_at`, `updated_at`, `deleted_at`, `user_id`) VALUES
(49, 'Roel', 'Lumagbas', 'Masiwa, Marigondon Lapu-Lapu City', '1982-10-29', '09123445432', 'Delivery', NULL, '2018-06-08 09:59:45', '2018-06-08 09:59:45', NULL, 70),
(50, 'Juvy', 'Sibonga', 'Basak-Cagodoy-Bankal-Buaya Road Bankal, Lapu-Lapu City', '1971-09-16', '09334563218', 'Delivery', NULL, '2018-06-08 10:00:38', '2018-06-08 10:00:38', NULL, 71),
(51, 'Melchor', 'Banwa', 'Olango, Lapu-Lapu City', '1976-08-31', '09255034583', 'Delivery', NULL, '2018-06-08 10:02:43', '2018-06-08 10:02:43', NULL, 72),
(52, 'Ramil', 'Igot', 'Datag, Maribago Lapu Lapu City', '1993-09-29', '09452345213', 'Delivery', NULL, '2018-06-08 10:03:19', '2018-06-08 10:03:19', NULL, 73),
(53, 'Joseph', 'Ermac', 'ylaya cebu city', '1991-10-30', '09145837492', 'Delivery', NULL, '2018-06-08 10:04:20', '2018-06-08 10:04:20', NULL, 74),
(54, 'Jane', 'Rica', 'Ka-batoan Datag, Lapu-Lapu City', '1993-05-20', '09732879842', 'Clerk', NULL, '2018-06-08 10:05:18', '2018-06-08 10:05:18', NULL, 75),
(55, 'Fely', 'Rica', 'Datag, Maribago Lapu Lapu City', '1989-09-29', '09183453213', 'Clerk', NULL, '2018-06-08 10:06:20', '2018-06-08 10:06:20', NULL, 76),
(56, 'Gina', 'Cruz', 'Montserrat Pajac, Lapu-Lapu City', '1994-08-27', '09123785931', 'Clerk', NULL, '2018-06-08 10:07:18', '2018-06-08 10:07:18', NULL, 77),
(57, 'Duane Adrian', 'Kaindoy', 'BF townhomes,BLK 2 ,Lot 1 Lapu-Lapu CIty', '1993-09-12', '09175834734', 'Clerk', NULL, '2018-06-24 19:44:59', '2018-06-24 19:45:58', '2018-06-24 19:45:58', 81);

-- --------------------------------------------------------

--
-- Table structure for table `personnel_types`
--

CREATE TABLE `personnel_types` (
  `id` int(10) UNSIGNED NOT NULL,
  `personneltype` varchar(255) COLLATE utf8mb4_unicode_ci NOT NULL,
  `created_at` timestamp NULL DEFAULT NULL,
  `updated_at` timestamp NULL DEFAULT NULL,
  `deleted_at` timestamp NULL DEFAULT NULL
) ENGINE=InnoDB DEFAULT CHARSET=utf8mb4 COLLATE=utf8mb4_unicode_ci;

--
-- Dumping data for table `personnel_types`
--

INSERT INTO `personnel_types` (`id`, `personneltype`, `created_at`, `updated_at`, `deleted_at`) VALUES
(1, 'Clerk', '2018-05-28 00:38:36', '2018-05-28 00:38:36', NULL),
(2, 'Delivery', '2018-05-28 00:38:47', '2018-05-28 00:38:47', NULL);

-- --------------------------------------------------------

--
-- Table structure for table `products`
--

CREATE TABLE `products` (
  `id` int(10) UNSIGNED NOT NULL,
  `itemimage` varchar(255) COLLATE utf8mb4_unicode_ci NOT NULL,
  `itemname` varchar(255) COLLATE utf8mb4_unicode_ci NOT NULL,
  `unit` varchar(255) COLLATE utf8mb4_unicode_ci NOT NULL,
  `unitprice` decimal(13,2) NOT NULL,
  `item_description` varchar(255) COLLATE utf8mb4_unicode_ci NOT NULL,
  `created_at` timestamp NULL DEFAULT NULL,
  `updated_at` timestamp NULL DEFAULT NULL,
  `deleted_at` timestamp NULL DEFAULT NULL,
  `name` varchar(255) COLLATE utf8mb4_unicode_ci NOT NULL,
  `title` varchar(255) COLLATE utf8mb4_unicode_ci NOT NULL
) ENGINE=InnoDB DEFAULT CHARSET=utf8mb4 COLLATE=utf8mb4_unicode_ci;

--
-- Dumping data for table `products`
--

INSERT INTO `products` (`id`, `itemimage`, `itemname`, `unit`, `unitprice`, `item_description`, `created_at`, `updated_at`, `deleted_at`, `name`, `title`) VALUES
(63, 'item-images/5rFBbI18AxkiaBSSiwQ6mHBnzMQKEEWfunPCSKSK.jpeg', 'Common Nail #4', 'Kilo', '75.00', 'Metal Nails Ordinary', '2018-06-07 08:38:39', '2018-06-07 08:46:54', NULL, '  ', 'Metal Nails Ordinary'),
(64, 'item-images/4QaogM2hBpvT5U4ssYZqQssX3E9m97ZswaLQcdhZ.jpeg', 'Deform Bars 10mm', 'Length', '145.00', 'Standard', '2018-06-07 08:47:48', '2018-06-07 08:47:48', NULL, '  ', 'Standard'),
(65, 'item-images/vJiGufYa3eqqrj669lOZjQ0LiRVSnbC4fVSGekpz.jpeg', 'Plywood 3/4', 'Sheets', '345.00', 'Ordinary', '2018-06-07 08:48:32', '2018-06-07 08:48:54', NULL, '  ', 'Ordinary'),
(66, 'item-images/gwHgTx8USRfn4dd2kp68taxKcc4kDb3kF2hr1mao.jpeg', 'Round Bar 10mm', 'Length', '120.00', 'Ordinary', '2018-06-07 08:49:37', '2018-06-07 08:49:37', NULL, '  ', 'Ordinary'),
(67, 'item-images/c4DcM62f6FLyncBok4hDpsFGYuWC6Ua8a14HiDH0.jpeg', 'Washed  Sand', 'Cubic', '1000.00', 'Dumaguete Sand', '2018-06-07 08:50:22', '2018-06-07 08:50:44', NULL, '  ', 'Dumaguete Sand'),
(68, 'item-images/QuJ38Yi4UB5CUxgU4oVvtRfNujzJ5VNX5mm2WLDj.png', 'Apo Cement', 'Bag', '245.00', 'Masonry Cement', '2018-06-07 09:40:32', '2018-06-07 10:39:29', NULL, '  ', 'Masonry Cement'),
(69, 'item-images/F615hevOw3qEZY91JPNtIdwWKAirtx23qe1xsXcm.jpeg', 'Boysen Paint', 'Can', '350.00', 'Latex Paint', '2018-06-07 09:41:40', '2018-06-07 09:43:25', NULL, '  ', 'Latex Paint'),
(70, 'item-images/MMKiMzZFzB33d1dFOejvzBzdt7LkgU7NLevaR87F.jpeg', 'Tiles 12x12', 'Pieces', '150.00', 'Digital', '2018-06-07 09:47:00', '2018-06-07 09:47:00', NULL, '  ', 'Digital'),
(71, 'item-images/4DLCLYsvFunmIkHSprayRclyQG8LjePaWP33Vm0f.jpeg', 'Asphalt Roof', 'Sheets', '550.00', 'Corrugated', '2018-06-07 09:47:53', '2018-06-07 09:47:53', NULL, '  ', 'Corrugated'),
(72, 'item-images/LZQtHNC67v0r5R3Lck95VTkPaWIBMvaBz02MkZtf.png', 'Brick', 'Pieces', '35.00', 'Common', '2018-06-07 09:51:40', '2018-06-07 09:51:40', NULL, '  ', 'Common'),
(73, 'item-images/oTTP3cWogTT8FoApm8jYtGswUEPpl0gc9FO5hq42.jpeg', 'Gravel', 'Cubic', '1000.00', 'El Capitan Gravel', '2018-06-07 09:59:52', '2018-06-07 09:59:52', NULL, '  ', 'El Capitan Gravel'),
(74, 'item-images/Caw82JmXwzrZxqtdbhclgElZ4PYS7fhXNP0922eD.jpeg', 'Wooden Plank', 'Pieces', '300.00', 'Ordinary', '2018-06-07 10:02:35', '2018-06-07 10:03:15', NULL, '  ', 'Ordinary'),
(75, 'item-images/ehE4nhaiTdtdEQ70OQhxURX3gjmV4nf2NfVTZ8NM.jpeg', 'Lime', 'Cubic', '1500.00', 'Hydrated', '2018-06-07 10:05:03', '2018-06-07 10:05:03', NULL, '  ', 'Hydrated'),
(76, 'item-images/8eYSyO17bBtqR9pwNYZuPyOVwacVPaSzrZXpA5mI.jpeg', 'Bamboo Poles 6"', 'Pieces', '85.00', 'Ordinary', '2018-06-07 10:08:07', '2018-06-07 10:08:07', NULL, '  ', 'Ordinary'),
(77, 'item-images/h8O4VhtodZfBIsbdd3EjKlIMss3KFExRJeOyHbjr.jpeg', 'test', 'Dozen', '12.00', 'test', '2018-06-08 13:17:58', '2018-06-08 13:17:58', NULL, '  ', 'test'),
(78, 'item-images/7g1muvcQwa4k3l8CzgJrsuKm4P8cdRV4MggpNb3A.jpeg', 'Concrete Nails # 4', 'Kilo', '75.00', 'Standard', '2018-06-24 19:36:10', '2018-06-24 19:36:51', '2018-06-24 19:36:51', '  ', 'Standard');

-- --------------------------------------------------------

--
-- Table structure for table `units`
--

CREATE TABLE `units` (
  `id` int(10) UNSIGNED NOT NULL,
  `unit` varchar(255) COLLATE utf8mb4_unicode_ci NOT NULL,
  `created_at` timestamp NULL DEFAULT NULL,
  `updated_at` timestamp NULL DEFAULT NULL,
  `deleted_at` timestamp NULL DEFAULT NULL
) ENGINE=InnoDB DEFAULT CHARSET=utf8mb4 COLLATE=utf8mb4_unicode_ci;

--
-- Dumping data for table `units`
--

INSERT INTO `units` (`id`, `unit`, `created_at`, `updated_at`, `deleted_at`) VALUES
(14, 'Pieces', '2018-05-31 00:16:55', '2018-05-31 00:16:55', NULL),
(15, 'Bag', '2018-05-31 00:19:54', '2018-05-31 00:19:54', NULL),
(16, 'Length', '2018-05-31 00:20:14', '2018-05-31 00:20:14', NULL),
(18, 'Kilo', '2018-05-31 22:34:16', '2018-05-31 22:34:16', NULL),
(19, 'Cubic', '2018-06-05 15:50:38', '2018-06-05 15:50:38', NULL),
(20, 'Sheets', '2018-06-07 08:48:43', '2018-06-07 08:48:43', NULL),
(22, 'Can', '2018-06-07 09:43:16', '2018-06-07 09:43:16', NULL),
(23, 'Dozen', '2018-06-07 10:04:15', '2018-06-07 10:04:15', NULL);

-- --------------------------------------------------------

--
-- Table structure for table `users`
--

CREATE TABLE `users` (
  `remember_token` varchar(100) COLLATE utf8mb4_unicode_ci DEFAULT NULL,
  `id` int(10) UNSIGNED NOT NULL,
  `username` varchar(255) COLLATE utf8mb4_unicode_ci DEFAULT NULL,
  `userimage` varchar(255) COLLATE utf8mb4_unicode_ci DEFAULT NULL,
  `title` varchar(255) COLLATE utf8mb4_unicode_ci DEFAULT NULL,
  `fname` varchar(255) COLLATE utf8mb4_unicode_ci NOT NULL,
  `lname` varchar(255) COLLATE utf8mb4_unicode_ci NOT NULL,
  `birthdate` date NOT NULL,
  `password` varchar(255) COLLATE utf8mb4_unicode_ci DEFAULT NULL,
  `address` varchar(255) COLLATE utf8mb4_unicode_ci NOT NULL,
  `email_add` varchar(255) COLLATE utf8mb4_unicode_ci DEFAULT NULL,
  `contact_no` varchar(255) COLLATE utf8mb4_unicode_ci NOT NULL,
  `created_at` timestamp NULL DEFAULT NULL,
  `updated_at` timestamp NULL DEFAULT NULL,
  `deleted_at` timestamp NULL DEFAULT NULL,
  `usertype` enum('admin','userclerk','userdelivery') COLLATE utf8mb4_unicode_ci NOT NULL
) ENGINE=InnoDB DEFAULT CHARSET=utf8mb4 COLLATE=utf8mb4_unicode_ci;

--
-- Dumping data for table `users`
--

INSERT INTO `users` (`remember_token`, `id`, `username`, `userimage`, `title`, `fname`, `lname`, `birthdate`, `password`, `address`, `email_add`, `contact_no`, `created_at`, `updated_at`, `deleted_at`, `usertype`) VALUES
('G3I3I6aclUTgViboWquHcvmQvpp0C7QfnxFsQPp2ykCKOgErLraOxHjWbrVV', 25, 'admin', 'user-images/nLVhM1DL9kddHTk1GTBHlPEtVFjjmeyKC51BSr7R.jpeg', 'admin', 'Daniel', 'Kaindoy', '1973-01-02', '$2y$10$O67zk9nIQ1fyx7cQAEdgNepKLrMuTr4/jHHwlBreO4eYrvjI9z.Xi', 'Abuno ,Pajac Lapu-Lapu City', 'kaindoy@gmail.com', '09168891990', '2018-05-28 02:37:57', '2018-06-08 06:58:34', NULL, 'admin'),
('n4Aa2doA7dlhjneypLfwSXDydOgCq3D7QBlFmYb9L1cZpUyhtrQRm0m4xwCd', 67, 'toper', NULL, NULL, 'Christopher', 'Pepino', '1992-01-01', '$2y$10$hOwY/5AMg5OyYOdnts1T5e1d990Ch9IPMylJRMcnGVX/.1mwvrfmm', 'Lahug', NULL, '09123456789', '2018-06-07 10:38:47', '2018-06-07 10:38:47', NULL, 'userclerk'),
(NULL, 70, 'Roel', NULL, NULL, 'Roel', 'Lumagbas', '1982-10-29', '$2y$10$y/4F9gJPE6dnsPViUAgrEe8sSLv40UGNmktbTdZ266O5QfTGHVqAm', 'Masiwa, Marigondon Lapu-Lapu City', NULL, '09123445432', '2018-06-08 09:59:45', '2018-06-08 09:59:45', NULL, 'userclerk'),
(NULL, 71, 'Juvy', NULL, NULL, 'Juvy', 'Sibonga', '1971-09-16', '$2y$10$pZq6SR.ksBl1vzVDnvdIWuk4UbMvDrI.k0aC6ChIeZeTBotj2VuLu', 'Basak-Cagodoy-Bankal-Buaya Road Bankal, Lapu-Lapu City', NULL, '09334563218', '2018-06-08 10:00:38', '2018-06-08 10:00:38', NULL, 'userclerk'),
(NULL, 72, 'Melchor', NULL, NULL, 'Melchor', 'Banwa', '1976-08-31', '$2y$10$Jz/VuOZ2EjmxReH5volC9.Fy.oUMNismHsDTGB3C41vXNUi6Kpbt.', 'Olango, Lapu-Lapu City', NULL, '09255034583', '2018-06-08 10:02:43', '2018-06-08 10:02:43', NULL, 'userclerk'),
(NULL, 73, 'Ramil', NULL, NULL, 'Ramil', 'Igot', '1993-09-29', '$2y$10$C3x.1TzB3uhWREmhOG7E..h24vuG5th7nNscrI3fOcDXNO4yXFVOC', 'Datag, Maribago Lapu Lapu City', NULL, '09452345213', '2018-06-08 10:03:19', '2018-06-08 10:03:19', NULL, 'userclerk'),
(NULL, 74, 'joseph', NULL, NULL, 'Joseph', 'Ermac', '1991-10-30', '$2y$10$uKAeLpH/g857WlM6.XuRxOtOF0k1RsWI39l5/KQPXKlfFFjS5NQSq', 'ylaya cebu city', NULL, '09145837492', '2018-06-08 10:04:20', '2018-06-08 10:04:20', NULL, 'userclerk'),
(NULL, 75, 'Jane', NULL, NULL, 'Jane', 'Rica', '1993-05-20', '$2y$10$HCYbO4X9OWo.wz0S8UWymey5jAtKpLAFgY2AMugIlxt98uAOt1zky', 'Ka-batoan Datag, Lapu-Lapu City', NULL, '09732879842', '2018-06-08 10:05:18', '2018-06-08 10:05:18', NULL, 'userclerk'),
('skgJipCkgJqb51eCpAlVf7GTSa5xYboahRi9Trm4eqgycJjvGgpe4WjCPj4V', 76, 'Fely', NULL, NULL, 'Fely', 'Rica', '1989-09-29', '$2y$10$jEjHt32szB.MDb7i.Nz8NOr4UGIyYr1WMZKNmVVVeOHO31P2lSYz2', 'Datag, Maribago Lapu Lapu City', NULL, '09183453213', '2018-06-08 10:06:20', '2018-06-08 10:06:20', NULL, 'userclerk'),
(NULL, 77, 'Gina', NULL, NULL, 'Gina', 'Cruz', '1994-08-27', '$2y$10$VNdPrCDAQJb1Y6rblXHOAep.t17Rxs.38RJnWzK5MyYqO46bQqjkG', 'Montserrat Pajac, Lapu-Lapu City', NULL, '09123785931', '2018-06-08 10:07:18', '2018-06-08 10:07:18', NULL, 'userclerk'),
('tfaw5I1Ecbd1yj0jbuK7fDs5LAmgAQPHF4odnxLX7FlXjgyzrI3nD9UBZ0S8', 78, 'admin1', 'user-images/Az0h3yrI22fHzIxg5zfbF7t83chAVdaPO5Vk7Zy5.jpeg', 'admin1', 'Danny', 'Kaindoy', '1973-07-01', '$2y$10$LRyfT0DA0qk.rvHs.HZsgO9Uk6vtxw98le9QFyaGDKjbX/8a3iuna', 'Abuno, Pajac Lapu-Lapu City', 'KaindoyD@gmail.com', '09255.34824', '2018-06-24 09:46:29', '2018-06-24 09:46:29', NULL, 'admin'),
(NULL, 79, 'admin2', 'user-images/3UhrY0ovdO6oHC0GvUOlrJUGkAWKB33CcMbYEDkC.png', 'admin2', 'Mar Gino', 'Gaquing', '1995-02-09', '$2y$10$rAjISGXR3..mApE2HLFF6unollkB6C2mlGTSAhZXww1g9EAjpwGRu', 'Bacayan, Cebu city', 'mar.gino@gmail.com', '09255034824', '2018-06-24 19:20:05', '2018-06-24 19:20:05', NULL, 'admin'),
(NULL, 80, 'adminxtian', 'user-images/Zv8yWeN856ohwhpcbbkeEEHNe2mqymE6mXTVh9t6.png', 'adminxtian', 'Christian Vincent I', 'Kaindoy', '1996-01-03', '$2y$10$BIC7u.3QJ9oWvJAcxHAbWuBYgBBI7YWXLxBaSo3R7R2IajmdgAEBS', 'BF townhomes,blk 2,lot 1, Pajac Lapu-Lapu City', 'kaindoycx@gmail.com', '09255034821', '2018-06-24 19:29:20', '2018-06-24 21:04:09', NULL, 'admin'),
(NULL, 81, 'Duane', NULL, NULL, 'Duane Adrian', 'Kaindoy', '1993-09-12', '$2y$10$.sJlm76MV5li61avhGmFSeRzQ9CUGMOzQ3rjheQRWh9Qu3es3zU4S', 'BF townhomes Lapu-Lapu CIty', NULL, '09175834734', '2018-06-24 19:44:59', '2018-06-24 19:44:59', NULL, 'userclerk');

-- --------------------------------------------------------

--
-- Table structure for table `vehicles`
--

CREATE TABLE `vehicles` (
  `id` int(10) UNSIGNED NOT NULL,
  `license_plate` varchar(255) COLLATE utf8mb4_unicode_ci NOT NULL,
  `vehicletype` varchar(255) COLLATE utf8mb4_unicode_ci NOT NULL,
  `made` varchar(255) COLLATE utf8mb4_unicode_ci NOT NULL,
  `delivery_personnel` varchar(255) COLLATE utf8mb4_unicode_ci NOT NULL,
  `created_at` timestamp NULL DEFAULT NULL,
  `updated_at` timestamp NULL DEFAULT NULL,
  `deleted_at` timestamp NULL DEFAULT NULL
) ENGINE=InnoDB DEFAULT CHARSET=utf8mb4 COLLATE=utf8mb4_unicode_ci;

--
-- Dumping data for table `vehicles`
--

INSERT INTO `vehicles` (`id`, `license_plate`, `vehicletype`, `made`, `delivery_personnel`, `created_at`, `updated_at`, `deleted_at`) VALUES
(29, 'VFR-991', '4 wheeler', 'Mitsubishi Monterosports 2014', 'Juvy Sibonga', '2018-06-24 20:25:03', '2018-06-24 20:25:33', NULL);

-- --------------------------------------------------------

--
-- Table structure for table `vehicle_types`
--

CREATE TABLE `vehicle_types` (
  `id` int(10) UNSIGNED NOT NULL,
  `vehicletype` varchar(255) COLLATE utf8mb4_unicode_ci NOT NULL,
  `created_at` timestamp NULL DEFAULT NULL,
  `updated_at` timestamp NULL DEFAULT NULL,
  `deleted_at` timestamp NULL DEFAULT NULL
) ENGINE=InnoDB DEFAULT CHARSET=utf8mb4 COLLATE=utf8mb4_unicode_ci;

--
-- Dumping data for table `vehicle_types`
--

INSERT INTO `vehicle_types` (`id`, `vehicletype`, `created_at`, `updated_at`, `deleted_at`) VALUES
(19, '4 wheeler', '2018-05-31 03:10:46', '2018-05-31 03:10:46', NULL),
(20, '10 wheeler', '2018-05-31 03:10:56', '2018-06-08 10:09:21', '2018-06-08 10:09:21'),
(21, '3 wheeler', '2018-05-31 19:57:56', '2018-06-08 10:12:31', '2018-06-08 10:12:31'),
(22, '2 wheeler', '2018-06-05 15:51:18', '2018-06-08 10:12:04', '2018-06-08 10:12:04');

--
-- Indexes for dumped tables
--

--
-- Indexes for table `customers`
--
ALTER TABLE `customers`
  ADD PRIMARY KEY (`id`);

--
-- Indexes for table `driver_route_logs`
--
ALTER TABLE `driver_route_logs`
  ADD PRIMARY KEY (`id`),
  ADD KEY `driver_route_logs_personnel_id_foreign` (`personnel_id`),
  ADD KEY `driver_route_logs_order_id_foreign` (`order_id`);

--
-- Indexes for table `migrations`
--
ALTER TABLE `migrations`
  ADD PRIMARY KEY (`id`);

--
-- Indexes for table `orders`
--
ALTER TABLE `orders`
  ADD PRIMARY KEY (`id`),
  ADD KEY `orders_served_by_foreign` (`served_by`),
  ADD KEY `orders_delivered_by_foreign` (`delivered_by`);

--
-- Indexes for table `order_lines`
--
ALTER TABLE `order_lines`
  ADD PRIMARY KEY (`id`),
  ADD KEY `order_lines_order_id_foreign` (`order_id`),
  ADD KEY `order_lines_product_id_foreign` (`product_id`);

--
-- Indexes for table `personnels`
--
ALTER TABLE `personnels`
  ADD PRIMARY KEY (`id`),
  ADD KEY `personnels_user_id_foreign` (`user_id`);

--
-- Indexes for table `personnel_types`
--
ALTER TABLE `personnel_types`
  ADD PRIMARY KEY (`id`);

--
-- Indexes for table `products`
--
ALTER TABLE `products`
  ADD PRIMARY KEY (`id`),
  ADD KEY `product_unit_idx` (`unit`(191));

--
-- Indexes for table `units`
--
ALTER TABLE `units`
  ADD PRIMARY KEY (`id`),
  ADD KEY `unit_unit_idx` (`unit`(191));

--
-- Indexes for table `users`
--
ALTER TABLE `users`
  ADD PRIMARY KEY (`id`);

--
-- Indexes for table `vehicles`
--
ALTER TABLE `vehicles`
  ADD PRIMARY KEY (`id`);

--
-- Indexes for table `vehicle_types`
--
ALTER TABLE `vehicle_types`
  ADD PRIMARY KEY (`id`);

--
-- AUTO_INCREMENT for dumped tables
--

--
-- AUTO_INCREMENT for table `customers`
--
ALTER TABLE `customers`
  MODIFY `id` int(10) UNSIGNED NOT NULL AUTO_INCREMENT, AUTO_INCREMENT=62;
--
-- AUTO_INCREMENT for table `driver_route_logs`
--
ALTER TABLE `driver_route_logs`
  MODIFY `id` int(10) UNSIGNED NOT NULL AUTO_INCREMENT, AUTO_INCREMENT=305;
--
-- AUTO_INCREMENT for table `migrations`
--
ALTER TABLE `migrations`
  MODIFY `id` int(10) UNSIGNED NOT NULL AUTO_INCREMENT, AUTO_INCREMENT=56;
--
-- AUTO_INCREMENT for table `orders`
--
ALTER TABLE `orders`
  MODIFY `id` int(10) UNSIGNED NOT NULL AUTO_INCREMENT, AUTO_INCREMENT=66;
--
-- AUTO_INCREMENT for table `order_lines`
--
ALTER TABLE `order_lines`
  MODIFY `id` int(10) UNSIGNED NOT NULL AUTO_INCREMENT, AUTO_INCREMENT=230;
--
-- AUTO_INCREMENT for table `personnels`
--
ALTER TABLE `personnels`
  MODIFY `id` int(10) UNSIGNED NOT NULL AUTO_INCREMENT, AUTO_INCREMENT=58;
--
-- AUTO_INCREMENT for table `personnel_types`
--
ALTER TABLE `personnel_types`
  MODIFY `id` int(10) UNSIGNED NOT NULL AUTO_INCREMENT, AUTO_INCREMENT=3;
--
-- AUTO_INCREMENT for table `products`
--
ALTER TABLE `products`
  MODIFY `id` int(10) UNSIGNED NOT NULL AUTO_INCREMENT, AUTO_INCREMENT=79;
--
-- AUTO_INCREMENT for table `units`
--
ALTER TABLE `units`
  MODIFY `id` int(10) UNSIGNED NOT NULL AUTO_INCREMENT, AUTO_INCREMENT=24;
--
-- AUTO_INCREMENT for table `users`
--
ALTER TABLE `users`
  MODIFY `id` int(10) UNSIGNED NOT NULL AUTO_INCREMENT, AUTO_INCREMENT=82;
--
-- AUTO_INCREMENT for table `vehicles`
--
ALTER TABLE `vehicles`
  MODIFY `id` int(10) UNSIGNED NOT NULL AUTO_INCREMENT, AUTO_INCREMENT=30;
--
-- AUTO_INCREMENT for table `vehicle_types`
--
ALTER TABLE `vehicle_types`
  MODIFY `id` int(10) UNSIGNED NOT NULL AUTO_INCREMENT, AUTO_INCREMENT=23;
--
-- Constraints for dumped tables
--

--
-- Constraints for table `driver_route_logs`
--
ALTER TABLE `driver_route_logs`
  ADD CONSTRAINT `driver_route_logs_order_id_foreign` FOREIGN KEY (`order_id`) REFERENCES `orders` (`id`) ON DELETE CASCADE ON UPDATE CASCADE,
  ADD CONSTRAINT `driver_route_logs_personnel_id_foreign` FOREIGN KEY (`personnel_id`) REFERENCES `personnels` (`id`) ON DELETE CASCADE ON UPDATE CASCADE;

--
-- Constraints for table `orders`
--
ALTER TABLE `orders`
  ADD CONSTRAINT `orders_delivered_by_foreign` FOREIGN KEY (`delivered_by`) REFERENCES `personnels` (`id`) ON DELETE CASCADE ON UPDATE CASCADE,
  ADD CONSTRAINT `orders_served_by_foreign` FOREIGN KEY (`served_by`) REFERENCES `users` (`id`) ON DELETE CASCADE ON UPDATE CASCADE;

--
-- Constraints for table `order_lines`
--
ALTER TABLE `order_lines`
  ADD CONSTRAINT `order_lines_order_id_foreign` FOREIGN KEY (`order_id`) REFERENCES `orders` (`id`) ON DELETE CASCADE ON UPDATE CASCADE,
  ADD CONSTRAINT `order_lines_product_id_foreign` FOREIGN KEY (`product_id`) REFERENCES `products` (`id`) ON DELETE CASCADE ON UPDATE CASCADE;

--
-- Constraints for table `personnels`
--
ALTER TABLE `personnels`
  ADD CONSTRAINT `personnels_user_id_foreign` FOREIGN KEY (`user_id`) REFERENCES `users` (`id`) ON DELETE CASCADE ON UPDATE CASCADE;

/*!40101 SET CHARACTER_SET_CLIENT=@OLD_CHARACTER_SET_CLIENT */;
/*!40101 SET CHARACTER_SET_RESULTS=@OLD_CHARACTER_SET_RESULTS */;
/*!40101 SET COLLATION_CONNECTION=@OLD_COLLATION_CONNECTION */;
